ProductID,InventoryDate,StockReceived,StockSold,ClosingStock
2001,2026-01-01,182,75,260
2001,2026-02-01,14,21,253
2001,2026-03-01,110,147,216
2001,2026-04-01,185,78,323
2001,2026-05-01,213,78,458
2001,2026-06-01,131,39,550
2002,2026-01-01,33,20,2046
2002,2026-02-01,198,34,2210
2002,2026-03-01,252,107,2355
2002,2026-04-01,43,87,2311
2002,2026-05-01,12,81,2242
2002,2026-06-01,290,91,2441
2003,2026-01-01,123,72,1257
2003,2026-02-01,218,155,1320
2003,2026-03-01,136,32,1424
2003,2026-04-01,90,11,1503
2003,2026-05-01,149,3,1649
2003,2026-06-01,134,97,1686
2004,2026-01-01,157,125,1136
2004,2026-02-01,112,83,1165
2004,2026-03-01,163,145,1183
2004,2026-04-01,126,28,1281
2004,2026-05-01,22,107,1196
2004,2026-06-01,285,53,1428
2005,2026-01-01,221,31,1238
2005,2026-02-01,79,178,1139
2005,2026-03-01,211,58,1292
2005,2026-04-01,56,115,1233
2005,2026-05-01,206,140,1299
2005,2026-06-01,173,109,1363
2006,2026-01-01,98,118,1060
2006,2026-02-01,34,42,1052
2006,2026-03-01,127,11,1168
2006,2026-04-01,128,45,1251
2006,2026-05-01,81,92,1240
2006,2026-06-01,104,146,1198
2007,2026-01-01,18,102,1696
2007,2026-02-01,163,24,1835
2007,2026-03-01,85,35,1885
2007,2026-04-01,115,178,1822
2007,2026-05-01,263,4,2081
2007,2026-06-01,222,123,2180
2008,2026-01-01,3,38,2007
2008,2026-02-01,38,179,1866
2008,2026-03-01,279,85,2060
2008,2026-04-01,227,110,2177
2008,2026-05-01,285,69,2393
2008,2026-06-01,169,127,2435
2009,2026-01-01,200,143,1828
2009,2026-02-01,247,143,1932
2009,2026-03-01,186,71,2047
2009,2026-04-01,196,157,2086
2009,2026-05-01,21,168,1939
2009,2026-06-01,65,115,1889
2010,2026-01-01,95,165,2136
2010,2026-02-01,138,5,2269
2010,2026-03-01,219,55,2433
2010,2026-04-01,176,47,2562
2010,2026-05-01,70,97,2535
2010,2026-06-01,3,149,2389
2011,2026-01-01,16,135,496
2011,2026-02-01,231,176,551
2011,2026-03-01,98,35,614
2011,2026-04-01,142,13,743
2011,2026-05-01,14,43,714
2011,2026-06-01,256,129,841
2012,2026-01-01,262,77,215
2012,2026-02-01,184,63,336
2012,2026-03-01,218,131,423
2012,2026-04-01,162,114,471
2012,2026-05-01,156,146,481
2012,2026-06-01,48,161,368
2013,2026-01-01,156,0,2550
2013,2026-02-01,280,94,2736
2013,2026-03-01,155,21,2870
2013,2026-04-01,177,151,2896
2013,2026-05-01,123,46,2973
2013,2026-06-01,203,109,3067
2014,2026-01-01,16,149,1608
2014,2026-02-01,234,20,1822
2014,2026-03-01,195,53,1964
2014,2026-04-01,111,127,1948
2014,2026-05-01,152,132,1968
2014,2026-06-01,36,145,1859
2015,2026-01-01,215,145,2516
2015,2026-02-01,85,115,2486
2015,2026-03-01,94,137,2443
2015,2026-04-01,263,57,2649
2015,2026-05-01,199,10,2838
2015,2026-06-01,36,158,2716
2016,2026-01-01,172,58,2412
2016,2026-02-01,137,10,2539
2016,2026-03-01,223,37,2725
2016,2026-04-01,145,82,2788
2016,2026-05-01,168,144,2812
2016,2026-06-01,163,170,2805
2017,2026-01-01,73,21,1236
2017,2026-02-01,72,60,1248
2017,2026-03-01,6,68,1186
2017,2026-04-01,226,28,1384
2017,2026-05-01,74,179,1279
2017,2026-06-01,205,6,1478
2018,2026-01-01,109,128,618
2018,2026-02-01,289,123,784
2018,2026-03-01,221,51,954
2018,2026-04-01,277,115,1116
2018,2026-05-01,19,82,1053
2018,2026-06-01,82,33,1102
2019,2026-01-01,192,117,859
2019,2026-02-01,46,47,858
2019,2026-03-01,134,157,835
2019,2026-04-01,52,93,794
2019,2026-05-01,219,45,968
2019,2026-06-01,173,62,1079
2020,2026-01-01,116,70,114
2020,2026-02-01,169,88,195
2020,2026-03-01,51,36,210
2020,2026-04-01,194,163,241
2020,2026-05-01,59,59,241
2020,2026-06-01,73,52,262
2021,2026-01-01,200,13,657
2021,2026-02-01,279,34,902
2021,2026-03-01,286,175,1013
2021,2026-04-01,198,94,1117
2021,2026-05-01,73,14,1176
2021,2026-06-01,23,73,1126
2022,2026-01-01,102,71,1849
2022,2026-02-01,17,138,1728
2022,2026-03-01,225,90,1863
2022,2026-04-01,36,134,1765
2022,2026-05-01,219,39,1945
2022,2026-06-01,38,52,1931
2023,2026-01-01,243,3,750
2023,2026-02-01,290,104,936
2023,2026-03-01,276,44,1168
2023,2026-04-01,236,10,1394
2023,2026-05-01,98,61,1431
2023,2026-06-01,127,53,1505
2024,2026-01-01,61,175,1798
2024,2026-02-01,278,115,1961
2024,2026-03-01,132,144,1949
2024,2026-04-01,71,147,1873
2024,2026-05-01,263,63,2073
2024,2026-06-01,119,144,2048
2025,2026-01-01,193,92,1553
2025,2026-02-01,231,81,1703
2025,2026-03-01,115,36,1782
2025,2026-04-01,296,38,2040
2025,2026-05-01,95,140,1995
2025,2026-06-01,17,103,1909
2026,2026-01-01,287,159,2602
2026,2026-02-01,233,109,2726
2026,2026-03-01,101,8,2819
2026,2026-04-01,263,60,3022
2026,2026-05-01,239,148,3113
2026,2026-06-01,118,83,3148
2027,2026-01-01,290,63,1321
2027,2026-02-01,263,93,1491
2027,2026-03-01,183,3,1671
2027,2026-04-01,135,49,1757
2027,2026-05-01,185,0,1942
2027,2026-06-01,115,164,1893
2028,2026-01-01,51,72,2221
2028,2026-02-01,0,163,2058
2028,2026-03-01,215,38,2235
2028,2026-04-01,151,129,2257
2028,2026-05-01,17,16,2258
2028,2026-06-01,104,27,2335
2029,2026-01-01,136,107,1333
2029,2026-02-01,254,169,1418
2029,2026-03-01,89,155,1352
2029,2026-04-01,101,97,1356
2029,2026-05-01,147,36,1467
2029,2026-06-01,62,113,1416
2030,2026-01-01,104,177,1704
2030,2026-02-01,246,136,1814
2030,2026-03-01,199,171,1842
2030,2026-04-01,230,140,1932
2030,2026-05-01,226,91,2067
2030,2026-06-01,185,177,2075
2031,2026-01-01,214,140,316
2031,2026-02-01,147,143,320
2031,2026-03-01,5,32,293
2031,2026-04-01,1,1,293
2031,2026-05-01,132,27,398
2031,2026-06-01,95,135,358
2032,2026-01-01,253,162,379
2032,2026-02-01,240,145,474
2032,2026-03-01,285,157,602
2032,2026-04-01,171,150,623
2032,2026-05-01,158,1,780
2032,2026-06-01,285,84,981
2033,2026-01-01,116,27,1009
2033,2026-02-01,132,68,1073
2033,2026-03-01,51,131,993
2033,2026-04-01,125,69,1049
2033,2026-05-01,280,21,1308
2033,2026-06-01,133,14,1427
2034,2026-01-01,86,99,925
2034,2026-02-01,178,37,1066
2034,2026-03-01,98,60,1104
2034,2026-04-01,9,140,973
2034,2026-05-01,290,58,1205
2034,2026-06-01,285,102,1388
2035,2026-01-01,128,39,2474
2035,2026-02-01,251,128,2597
2035,2026-03-01,96,65,2628
2035,2026-04-01,181,121,2688
2035,2026-05-01,191,127,2752
2035,2026-06-01,178,26,2904
2036,2026-01-01,93,44,453
2036,2026-02-01,257,135,575
2036,2026-03-01,138,142,571
2036,2026-04-01,90,75,586
2036,2026-05-01,248,69,765
2036,2026-06-01,102,161,706
2037,2026-01-01,234,118,1745
2037,2026-02-01,274,146,1873
2037,2026-03-01,73,119,1827
2037,2026-04-01,115,54,1888
2037,2026-05-01,284,43,2129
2037,2026-06-01,171,140,2160
2038,2026-01-01,100,4,741
2038,2026-02-01,100,38,803
2038,2026-03-01,75,81,797
2038,2026-04-01,97,103,791
2038,2026-05-01,117,165,743
2038,2026-06-01,36,25,754
2039,2026-01-01,161,136,1268
2039,2026-02-01,260,68,1460
2039,2026-03-01,59,63,1456
2039,2026-04-01,175,46,1585
2039,2026-05-01,203,17,1771
2039,2026-06-01,255,158,1868
2040,2026-01-01,174,86,2015
2040,2026-02-01,123,9,2129
2040,2026-03-01,148,72,2205
2040,2026-04-01,157,94,2268
2040,2026-05-01,207,33,2442
2040,2026-06-01,175,2,2615
2041,2026-01-01,135,113,1404
2041,2026-02-01,97,85,1416
2041,2026-03-01,271,44,1643
2041,2026-04-01,292,113,1822
2041,2026-05-01,192,18,1996
2041,2026-06-01,269,13,2252
2042,2026-01-01,95,177,1652
2042,2026-02-01,177,40,1789
2042,2026-03-01,254,159,1884
2042,2026-04-01,286,154,2016
2042,2026-05-01,99,48,2067
2042,2026-06-01,0,93,1974
2043,2026-01-01,260,108,2524
2043,2026-02-01,74,68,2530
2043,2026-03-01,242,101,2671
2043,2026-04-01,42,60,2653
2043,2026-05-01,186,162,2677
2043,2026-06-01,62,108,2631
2044,2026-01-01,116,47,1864
2044,2026-02-01,161,121,1904
2044,2026-03-01,278,87,2095
2044,2026-04-01,202,30,2267
2044,2026-05-01,42,105,2204
2044,2026-06-01,102,20,2286
2045,2026-01-01,42,23,1307
2045,2026-02-01,101,146,1262
2045,2026-03-01,4,175,1091
2045,2026-04-01,207,72,1226
2045,2026-05-01,107,106,1227
2045,2026-06-01,259,11,1475
2046,2026-01-01,34,44,851
2046,2026-02-01,198,154,895
2046,2026-03-01,122,37,980
2046,2026-04-01,48,147,881
2046,2026-05-01,299,40,1140
2046,2026-06-01,238,167,1211
2047,2026-01-01,232,144,1760
2047,2026-02-01,192,21,1931
2047,2026-03-01,22,174,1779
2047,2026-04-01,149,101,1827
2047,2026-05-01,200,29,1998
2047,2026-06-01,256,81,2173
2048,2026-01-01,240,133,1358
2048,2026-02-01,40,61,1337
2048,2026-03-01,43,102,1278
2048,2026-04-01,290,5,1563
2048,2026-05-01,66,95,1534
2048,2026-06-01,294,113,1715
2049,2026-01-01,215,167,1815
2049,2026-02-01,219,59,1975
2049,2026-03-01,156,61,2070
2049,2026-04-01,124,6,2188
2049,2026-05-01,276,143,2321
2049,2026-06-01,287,51,2557
2050,2026-01-01,119,28,1393
2050,2026-02-01,204,56,1541
2050,2026-03-01,42,174,1409
2050,2026-04-01,66,44,1431
2050,2026-05-01,137,78,1490
2050,2026-06-01,222,150,1562
2051,2026-01-01,247,178,2299
2051,2026-02-01,118,142,2275
2051,2026-03-01,294,55,2514
2051,2026-04-01,143,13,2644
2051,2026-05-01,113,178,2579
2051,2026-06-01,146,151,2574
2052,2026-01-01,257,108,906
2052,2026-02-01,4,8,902
2052,2026-03-01,254,11,1145
2052,2026-04-01,204,108,1241
2052,2026-05-01,22,3,1260
2052,2026-06-01,146,159,1247
2053,2026-01-01,64,162,262
2053,2026-02-01,203,34,431
2053,2026-03-01,232,104,559
2053,2026-04-01,298,80,777
2053,2026-05-01,163,169,771
2053,2026-06-01,216,49,938
2054,2026-01-01,10,122,1859
2054,2026-02-01,207,119,1947
2054,2026-03-01,241,111,2077
2054,2026-04-01,222,92,2207
2054,2026-05-01,16,119,2104
2054,2026-06-01,276,28,2352
2055,2026-01-01,125,82,1844
2055,2026-02-01,237,79,2002
2055,2026-03-01,181,162,2021
2055,2026-04-01,136,53,2104
2055,2026-05-01,57,144,2017
2055,2026-06-01,189,76,2130
2056,2026-01-01,268,41,776
2056,2026-02-01,70,23,823
2056,2026-03-01,290,52,1061
2056,2026-04-01,120,58,1123
2056,2026-05-01,252,3,1372
2056,2026-06-01,142,18,1496
2057,2026-01-01,130,158,25
2057,2026-02-01,77,69,33
2057,2026-03-01,126,28,131
2057,2026-04-01,254,155,230
2057,2026-05-01,272,95,407
2057,2026-06-01,273,164,516
2058,2026-01-01,201,137,406
2058,2026-02-01,269,126,549
2058,2026-03-01,41,91,499
2058,2026-04-01,68,67,500
2058,2026-05-01,92,3,589
2058,2026-06-01,19,173,435
2059,2026-01-01,261,85,1400
2059,2026-02-01,135,159,1376
2059,2026-03-01,179,28,1527
2059,2026-04-01,184,4,1707
2059,2026-05-01,207,47,1867
2059,2026-06-01,94,29,1932
2060,2026-01-01,126,147,1985
2060,2026-02-01,14,166,1833
2060,2026-03-01,290,138,1985
2060,2026-04-01,231,45,2171
2060,2026-05-01,54,1,2224
2060,2026-06-01,260,10,2474
2061,2026-01-01,12,79,299
2061,2026-02-01,28,151,176
2061,2026-03-01,171,134,213
2061,2026-04-01,284,58,439
2061,2026-05-01,235,48,626
2061,2026-06-01,238,81,783
2062,2026-01-01,90,31,1808
2062,2026-02-01,10,162,1656
2062,2026-03-01,243,178,1721
2062,2026-04-01,245,72,1894
2062,2026-05-01,173,177,1890
2062,2026-06-01,3,144,1749
2063,2026-01-01,220,179,1276
2063,2026-02-01,128,44,1360
2063,2026-03-01,0,140,1220
2063,2026-04-01,70,160,1130
2063,2026-05-01,199,86,1243
2063,2026-06-01,279,11,1511
2064,2026-01-01,242,170,1694
2064,2026-02-01,107,147,1654
2064,2026-03-01,23,161,1516
2064,2026-04-01,109,172,1453
2064,2026-05-01,90,32,1511
2064,2026-06-01,191,7,1695
2065,2026-01-01,83,58,1747
2065,2026-02-01,67,128,1686
2065,2026-03-01,9,48,1647
2065,2026-04-01,23,53,1617
2065,2026-05-01,96,66,1647
2065,2026-06-01,26,72,1601
2066,2026-01-01,167,166,265
2066,2026-02-01,207,147,325
2066,2026-03-01,27,42,310
2066,2026-04-01,76,93,293
2066,2026-05-01,268,29,532
2066,2026-06-01,119,19,632
2067,2026-01-01,219,155,1915
2067,2026-02-01,196,129,1982
2067,2026-03-01,250,173,2059
2067,2026-04-01,10,157,1912
2067,2026-05-01,163,99,1976
2067,2026-06-01,43,69,1950
2068,2026-01-01,38,63,127
2068,2026-02-01,19,129,17
2068,2026-03-01,208,155,70
2068,2026-04-01,210,132,148
2068,2026-05-01,169,34,283
2068,2026-06-01,22,152,153
2069,2026-01-01,280,179,1491
2069,2026-02-01,227,23,1695
2069,2026-03-01,23,76,1642
2069,2026-04-01,247,78,1811
2069,2026-05-01,86,161,1736
2069,2026-06-01,58,131,1663
2070,2026-01-01,193,171,2138
2070,2026-02-01,99,3,2234
2070,2026-03-01,132,108,2258
2070,2026-04-01,184,175,2267
2070,2026-05-01,156,91,2332
2070,2026-06-01,253,16,2569
2071,2026-01-01,112,54,1165
2071,2026-02-01,235,172,1228
2071,2026-03-01,33,141,1120
2071,2026-04-01,256,177,1199
2071,2026-05-01,95,157,1137
2071,2026-06-01,133,24,1246
2072,2026-01-01,241,123,1785
2072,2026-02-01,118,92,1811
2072,2026-03-01,134,137,1808
2072,2026-04-01,228,17,2019
2072,2026-05-01,118,159,1978
2072,2026-06-01,39,134,1883
2073,2026-01-01,18,137,1792
2073,2026-02-01,42,145,1689
2073,2026-03-01,51,23,1717
2073,2026-04-01,291,150,1858
2073,2026-05-01,97,110,1845
2073,2026-06-01,78,140,1783
2074,2026-01-01,135,19,1856
2074,2026-02-01,122,93,1885
2074,2026-03-01,16,125,1776
2074,2026-04-01,28,169,1635
2074,2026-05-01,129,68,1696
2074,2026-06-01,85,52,1729
2075,2026-01-01,26,178,995
2075,2026-02-01,159,21,1133
2075,2026-03-01,159,66,1226
2075,2026-04-01,11,25,1212
2075,2026-05-01,180,121,1271
2075,2026-06-01,75,38,1308
2076,2026-01-01,281,62,2499
2076,2026-02-01,70,172,2397
2076,2026-03-01,172,125,2444
2076,2026-04-01,287,120,2611
2076,2026-05-01,199,76,2734
2076,2026-06-01,87,60,2761
2077,2026-01-01,274,104,1730
2077,2026-02-01,80,68,1742
2077,2026-03-01,179,75,1846
2077,2026-04-01,15,54,1807
2077,2026-05-01,288,143,1952
2077,2026-06-01,297,52,2197
2078,2026-01-01,216,64,290
2078,2026-02-01,126,89,327
2078,2026-03-01,262,44,545
2078,2026-04-01,283,108,720
2078,2026-05-01,101,177,644
2078,2026-06-01,88,86,646
2079,2026-01-01,241,65,1090
2079,2026-02-01,87,61,1116
2079,2026-03-01,91,84,1123
2079,2026-04-01,152,107,1168
2079,2026-05-01,278,107,1339
2079,2026-06-01,121,121,1339
2080,2026-01-01,237,51,1471
2080,2026-02-01,255,145,1581
2080,2026-03-01,25,99,1507
2080,2026-04-01,106,81,1532
2080,2026-05-01,264,35,1761
2080,2026-06-01,244,78,1927
2081,2026-01-01,214,163,2398
2081,2026-02-01,189,134,2453
2081,2026-03-01,38,81,2410
2081,2026-04-01,65,140,2335
2081,2026-05-01,48,140,2243
2081,2026-06-01,145,51,2337
2082,2026-01-01,206,134,2563
2082,2026-02-01,85,46,2602
2082,2026-03-01,164,102,2664
2082,2026-04-01,2,13,2653
2082,2026-05-01,144,145,2652
2082,2026-06-01,100,74,2678
2083,2026-01-01,153,110,425
2083,2026-02-01,134,56,503
2083,2026-03-01,197,179,521
2083,2026-04-01,189,29,681
2083,2026-05-01,259,22,918
2083,2026-06-01,26,54,890
2084,2026-01-01,172,166,1799
2084,2026-02-01,90,31,1858
2084,2026-03-01,297,175,1980
2084,2026-04-01,292,152,2120
2084,2026-05-01,30,28,2122
2084,2026-06-01,229,127,2224
2085,2026-01-01,183,104,1839
2085,2026-02-01,274,61,2052
2085,2026-03-01,38,103,1987
2085,2026-04-01,184,119,2052
2085,2026-05-01,222,167,2107
2085,2026-06-01,118,90,2135
2086,2026-01-01,286,62,557
2086,2026-02-01,285,88,754
2086,2026-03-01,176,16,914
2086,2026-04-01,0,120,794
2086,2026-05-01,40,37,797
2086,2026-06-01,290,115,972
2087,2026-01-01,297,137,1716
2087,2026-02-01,262,138,1840
2087,2026-03-01,208,53,1995
2087,2026-04-01,40,57,1978
2087,2026-05-01,238,37,2179
2087,2026-06-01,206,44,2341
2088,2026-01-01,168,55,1839
2088,2026-02-01,203,130,1912
2088,2026-03-01,69,1,1980
2088,2026-04-01,299,17,2262
2088,2026-05-01,8,104,2166
2088,2026-06-01,197,1,2362
2089,2026-01-01,285,129,1262
2089,2026-02-01,9,159,1112
2089,2026-03-01,273,53,1332
2089,2026-04-01,234,179,1387
2089,2026-05-01,54,179,1262
2089,2026-06-01,6,166,1102
2090,2026-01-01,19,93,217
2090,2026-02-01,69,105,181
2090,2026-03-01,150,118,213
2090,2026-04-01,115,127,201
2090,2026-05-01,179,52,328
2090,2026-06-01,240,44,524
2091,2026-01-01,191,97,1174
2091,2026-02-01,31,33,1172
2091,2026-03-01,20,151,1041
2091,2026-04-01,197,173,1065
2091,2026-05-01,227,105,1187
2091,2026-06-01,78,159,1106
2092,2026-01-01,151,91,1869
2092,2026-02-01,129,123,1875
2092,2026-03-01,282,45,2112
2092,2026-04-01,232,77,2267
2092,2026-05-01,93,150,2210
2092,2026-06-01,31,43,2198
2093,2026-01-01,92,3,2499
2093,2026-02-01,39,120,2418
2093,2026-03-01,51,126,2343
2093,2026-04-01,35,135,2243
2093,2026-05-01,59,13,2289
2093,2026-06-01,49,157,2181
2094,2026-01-01,145,126,2432
2094,2026-02-01,141,78,2495
2094,2026-03-01,69,13,2551
2094,2026-04-01,13,136,2428
2094,2026-05-01,111,71,2468
2094,2026-06-01,11,51,2428
2095,2026-01-01,6,46,2260
2095,2026-02-01,245,153,2352
2095,2026-03-01,262,161,2453
2095,2026-04-01,49,116,2386
2095,2026-05-01,69,84,2371
2095,2026-06-01,217,79,2509
2096,2026-01-01,190,64,1135
2096,2026-02-01,86,143,1078
2096,2026-03-01,144,109,1113
2096,2026-04-01,182,3,1292
2096,2026-05-01,50,121,1221
2096,2026-06-01,23,90,1154
2097,2026-01-01,249,58,2674
2097,2026-02-01,284,65,2893
2097,2026-03-01,140,165,2868
2097,2026-04-01,181,119,2930
2097,2026-05-01,266,18,3178
2097,2026-06-01,55,64,3169
2098,2026-01-01,184,142,966
2098,2026-02-01,264,84,1146
2098,2026-03-01,30,58,1118
2098,2026-04-01,115,143,1090
2098,2026-05-01,267,173,1184
2098,2026-06-01,44,7,1221
2099,2026-01-01,201,81,2454
2099,2026-02-01,163,172,2445
2099,2026-03-01,205,174,2476
2099,2026-04-01,284,118,2642
2099,2026-05-01,235,67,2810
2099,2026-06-01,75,100,2785
2100,2026-01-01,295,47,1011
2100,2026-02-01,152,143,1020
2100,2026-03-01,137,34,1123
2100,2026-04-01,23,66,1080
2100,2026-05-01,191,71,1200
2100,2026-06-01,42,71,1171
2101,2026-01-01,17,140,807
2101,2026-02-01,215,134,888
2101,2026-03-01,200,117,971
2101,2026-04-01,32,47,956
2101,2026-05-01,117,143,930
2101,2026-06-01,73,151,852
2102,2026-01-01,259,133,2031
2102,2026-02-01,207,81,2157
2102,2026-03-01,116,58,2215
2102,2026-04-01,226,3,2438
2102,2026-05-01,6,171,2273
2102,2026-06-01,272,150,2395
2103,2026-01-01,92,175,1682
2103,2026-02-01,194,6,1870
2103,2026-03-01,136,81,1925
2103,2026-04-01,262,127,2060
2103,2026-05-01,6,78,1988
2103,2026-06-01,173,17,2144
2104,2026-01-01,236,14,2365
2104,2026-02-01,248,79,2534
2104,2026-03-01,183,12,2705
2104,2026-04-01,283,62,2926
2104,2026-05-01,184,176,2934
2104,2026-06-01,57,69,2922
2105,2026-01-01,239,29,476
2105,2026-02-01,63,152,387
2105,2026-03-01,161,73,475
2105,2026-04-01,181,130,526
2105,2026-05-01,194,78,642
2105,2026-06-01,32,161,513
2106,2026-01-01,105,8,1968
2106,2026-02-01,10,174,1804
2106,2026-03-01,27,84,1747
2106,2026-04-01,133,1,1879
2106,2026-05-01,95,172,1802
2106,2026-06-01,182,3,1981
2107,2026-01-01,231,134,2477
2107,2026-02-01,103,10,2570
2107,2026-03-01,224,160,2634
2107,2026-04-01,162,8,2788
2107,2026-05-01,110,175,2723
2107,2026-06-01,257,15,2965
2108,2026-01-01,117,139,573
2108,2026-02-01,290,22,841
2108,2026-03-01,93,95,839
2108,2026-04-01,205,165,879
2108,2026-05-01,0,105,774
2108,2026-06-01,15,55,734
2109,2026-01-01,122,23,1734
2109,2026-02-01,146,7,1873
2109,2026-03-01,94,172,1795
2109,2026-04-01,99,74,1820
2109,2026-05-01,29,115,1734
2109,2026-06-01,62,135,1661
2110,2026-01-01,205,36,2579
2110,2026-02-01,14,21,2572
2110,2026-03-01,108,134,2546
2110,2026-04-01,28,93,2481
2110,2026-05-01,179,111,2549
2110,2026-06-01,145,37,2657
2111,2026-01-01,47,91,1181
2111,2026-02-01,124,39,1266
2111,2026-03-01,236,119,1383
2111,2026-04-01,140,162,1361
2111,2026-05-01,189,0,1550
2111,2026-06-01,129,36,1643
2112,2026-01-01,232,149,1086
2112,2026-02-01,40,79,1047
2112,2026-03-01,229,53,1223
2112,2026-04-01,228,71,1380
2112,2026-05-01,235,134,1481
2112,2026-06-01,122,14,1589
2113,2026-01-01,188,0,2654
2113,2026-02-01,229,69,2814
2113,2026-03-01,79,56,2837
2113,2026-04-01,163,45,2955
2113,2026-05-01,183,63,3075
2113,2026-06-01,205,109,3171
2114,2026-01-01,52,107,888
2114,2026-02-01,76,163,801
2114,2026-03-01,236,159,878
2114,2026-04-01,65,125,818
2114,2026-05-01,214,21,1011
2114,2026-06-01,247,160,1098
2115,2026-01-01,240,14,537
2115,2026-02-01,87,68,556
2115,2026-03-01,178,76,658
2115,2026-04-01,299,30,927
2115,2026-05-01,124,151,900
2115,2026-06-01,68,60,908
2116,2026-01-01,203,91,2233
2116,2026-02-01,46,24,2255
2116,2026-03-01,258,49,2464
2116,2026-04-01,65,6,2523
2116,2026-05-01,67,86,2504
2116,2026-06-01,24,155,2373
2117,2026-01-01,257,73,1583
2117,2026-02-01,77,51,1609
2117,2026-03-01,242,3,1848
2117,2026-04-01,66,43,1871
2117,2026-05-01,288,160,1999
2117,2026-06-01,296,40,2255
2118,2026-01-01,99,151,0
2118,2026-02-01,273,173,100
2118,2026-03-01,229,166,163
2118,2026-04-01,269,81,351
2118,2026-05-01,44,126,269
2118,2026-06-01,197,129,337
2119,2026-01-01,40,112,1263
2119,2026-02-01,118,103,1278
2119,2026-03-01,258,32,1504
2119,2026-04-01,297,129,1672
2119,2026-05-01,11,65,1618
2119,2026-06-01,261,63,1816
2120,2026-01-01,174,105,1141
2120,2026-02-01,13,176,978
2120,2026-03-01,199,145,1032
2120,2026-04-01,130,55,1107
2120,2026-05-01,182,53,1236
2120,2026-06-01,3,43,1196
2121,2026-01-01,146,156,1971
2121,2026-02-01,72,145,1898
2121,2026-03-01,177,87,1988
2121,2026-04-01,57,88,1957
2121,2026-05-01,171,27,2101
2121,2026-06-01,46,93,2054
2122,2026-01-01,175,127,2275
2122,2026-02-01,279,65,2489
2122,2026-03-01,51,149,2391
2122,2026-04-01,256,131,2516
2122,2026-05-01,41,96,2461
2122,2026-06-01,194,25,2630
2123,2026-01-01,203,62,1070
2123,2026-02-01,292,173,1189
2123,2026-03-01,291,108,1372
2123,2026-04-01,48,9,1411
2123,2026-05-01,3,114,1300
2123,2026-06-01,48,72,1276
2124,2026-01-01,175,163,561
2124,2026-02-01,12,148,425
2124,2026-03-01,278,1,702
2124,2026-04-01,164,172,694
2124,2026-05-01,162,73,783
2124,2026-06-01,241,21,1003
2125,2026-01-01,109,45,184
2125,2026-02-01,83,171,96
2125,2026-03-01,98,25,169
2125,2026-04-01,52,3,218
2125,2026-05-01,209,32,395
2125,2026-06-01,39,26,408
2126,2026-01-01,184,86,1431
2126,2026-02-01,54,6,1479
2126,2026-03-01,24,68,1435
2126,2026-04-01,201,82,1554
2126,2026-05-01,110,114,1550
2126,2026-06-01,231,6,1775
2127,2026-01-01,140,11,2539
2127,2026-02-01,68,67,2540
2127,2026-03-01,99,141,2498
2127,2026-04-01,231,14,2715
2127,2026-05-01,20,96,2639
2127,2026-06-01,292,162,2769
2128,2026-01-01,202,74,2099
2128,2026-02-01,236,91,2244
2128,2026-03-01,236,34,2446
2128,2026-04-01,143,119,2470
2128,2026-05-01,179,56,2593
2128,2026-06-01,81,114,2560
2129,2026-01-01,199,168,1952
2129,2026-02-01,1,56,1897
2129,2026-03-01,277,21,2153
2129,2026-04-01,82,88,2147
2129,2026-05-01,271,116,2302
2129,2026-06-01,9,142,2169
2130,2026-01-01,132,94,636
2130,2026-02-01,98,39,695
2130,2026-03-01,145,51,789
2130,2026-04-01,202,165,826
2130,2026-05-01,275,125,976
2130,2026-06-01,92,45,1023
2131,2026-01-01,211,115,1330
2131,2026-02-01,23,156,1197
2131,2026-03-01,263,174,1286
2131,2026-04-01,2,41,1247
2131,2026-05-01,184,77,1354
2131,2026-06-01,266,163,1457
2132,2026-01-01,14,118,705
2132,2026-02-01,197,1,901
2132,2026-03-01,84,135,850
2132,2026-04-01,34,119,765
2132,2026-05-01,124,42,847
2132,2026-06-01,164,159,852
2133,2026-01-01,98,72,1412
2133,2026-02-01,284,20,1676
2133,2026-03-01,174,162,1688
2133,2026-04-01,70,165,1593
2133,2026-05-01,181,116,1658
2133,2026-06-01,118,100,1676
2134,2026-01-01,163,129,2226
2134,2026-02-01,292,156,2362
2134,2026-03-01,30,93,2299
2134,2026-04-01,18,67,2250
2134,2026-05-01,187,30,2407
2134,2026-06-01,248,121,2534
2135,2026-01-01,93,105,1639
2135,2026-02-01,278,10,1907
2135,2026-03-01,189,80,2016
2135,2026-04-01,136,111,2041
2135,2026-05-01,31,1,2071
2135,2026-06-01,112,49,2134
2136,2026-01-01,193,161,1435
2136,2026-02-01,74,78,1431
2136,2026-03-01,73,83,1421
2136,2026-04-01,273,37,1657
2136,2026-05-01,242,64,1835
2136,2026-06-01,198,53,1980
2137,2026-01-01,155,34,643
2137,2026-02-01,194,131,706
2137,2026-03-01,12,105,613
2137,2026-04-01,190,34,769
2137,2026-05-01,116,178,707
2137,2026-06-01,125,107,725
2138,2026-01-01,266,86,372
2138,2026-02-01,286,89,569
2138,2026-03-01,192,117,644
2138,2026-04-01,287,161,770
2138,2026-05-01,29,104,695
2138,2026-06-01,228,64,859
2139,2026-01-01,208,69,1045
2139,2026-02-01,113,112,1046
2139,2026-03-01,66,114,998
2139,2026-04-01,292,68,1222
2139,2026-05-01,136,104,1254
2139,2026-06-01,24,109,1169
2140,2026-01-01,186,168,1455
2140,2026-02-01,222,101,1576
2140,2026-03-01,249,37,1788
2140,2026-04-01,183,69,1902
2140,2026-05-01,217,154,1965
2140,2026-06-01,121,164,1922
2141,2026-01-01,64,141,2110
2141,2026-02-01,178,43,2245
2141,2026-03-01,245,122,2368
2141,2026-04-01,191,148,2411
2141,2026-05-01,72,118,2365
2141,2026-06-01,39,9,2395
2142,2026-01-01,288,39,541
2142,2026-02-01,258,97,702
2142,2026-03-01,249,3,948
2142,2026-04-01,101,83,966
2142,2026-05-01,108,128,946
2142,2026-06-01,167,122,991
2143,2026-01-01,34,36,1427
2143,2026-02-01,125,104,1448
2143,2026-03-01,275,71,1652
2143,2026-04-01,52,151,1553
2143,2026-05-01,225,8,1770
2143,2026-06-01,297,65,2002
2144,2026-01-01,9,60,826
2144,2026-02-01,238,102,962
2144,2026-03-01,52,132,882
2144,2026-04-01,218,42,1058
2144,2026-05-01,96,49,1105
2144,2026-06-01,145,31,1219
2145,2026-01-01,273,42,2161
2145,2026-02-01,62,52,2171
2145,2026-03-01,251,150,2272
2145,2026-04-01,273,99,2446
2145,2026-05-01,53,159,2340
2145,2026-06-01,92,17,2415
2146,2026-01-01,274,145,2106
2146,2026-02-01,114,57,2163
2146,2026-03-01,80,37,2206
2146,2026-04-01,125,79,2252
2146,2026-05-01,53,113,2192
2146,2026-06-01,238,120,2310
2147,2026-01-01,33,145,168
2147,2026-02-01,124,80,212
2147,2026-03-01,207,37,382
2147,2026-04-01,17,142,257
2147,2026-05-01,79,75,261
2147,2026-06-01,70,155,176
2148,2026-01-01,86,12,1446
2148,2026-02-01,220,99,1567
2148,2026-03-01,23,27,1563
2148,2026-04-01,233,78,1718
2148,2026-05-01,220,35,1903
2148,2026-06-01,291,169,2025
2149,2026-01-01,14,12,1169
2149,2026-02-01,146,167,1148
2149,2026-03-01,70,6,1212
2149,2026-04-01,111,164,1159
2149,2026-05-01,21,106,1074
2149,2026-06-01,295,47,1322
2150,2026-01-01,120,90,1549
2150,2026-02-01,224,42,1731
2150,2026-03-01,58,162,1627
2150,2026-04-01,78,157,1548
2150,2026-05-01,133,77,1604
2150,2026-06-01,45,157,1492
2151,2026-01-01,21,112,206
2151,2026-02-01,298,150,354
2151,2026-03-01,278,152,480
2151,2026-04-01,215,128,567
2151,2026-05-01,127,18,676
2151,2026-06-01,209,8,877
2152,2026-01-01,235,107,2288
2152,2026-02-01,12,156,2144
2152,2026-03-01,61,65,2140
2152,2026-04-01,24,173,1991
2152,2026-05-01,38,12,2017
2152,2026-06-01,214,32,2199
2153,2026-01-01,201,122,921
2153,2026-02-01,229,90,1060
2153,2026-03-01,21,73,1008
2153,2026-04-01,31,121,918
2153,2026-05-01,263,124,1057
2153,2026-06-01,143,159,1041
2154,2026-01-01,251,105,2341
2154,2026-02-01,146,178,2309
2154,2026-03-01,190,143,2356
2154,2026-04-01,188,50,2494
2154,2026-05-01,216,151,2559
2154,2026-06-01,285,149,2695
2155,2026-01-01,236,111,676
2155,2026-02-01,193,114,755
2155,2026-03-01,265,94,926
2155,2026-04-01,162,117,971
2155,2026-05-01,60,163,868
2155,2026-06-01,285,136,1017
2156,2026-01-01,42,99,129
2156,2026-02-01,187,86,230
2156,2026-03-01,58,35,253
2156,2026-04-01,182,0,435
2156,2026-05-01,21,173,283
2156,2026-06-01,139,71,351
2157,2026-01-01,92,52,890
2157,2026-02-01,232,86,1036
2157,2026-03-01,32,3,1065
2157,2026-04-01,150,164,1051
2157,2026-05-01,154,155,1050
2157,2026-06-01,265,34,1281
2158,2026-01-01,85,134,206
2158,2026-02-01,167,117,256
2158,2026-03-01,221,75,402
2158,2026-04-01,262,35,629
2158,2026-05-01,117,162,584
2158,2026-06-01,6,24,566
2159,2026-01-01,25,29,1071
2159,2026-02-01,138,50,1159
2159,2026-03-01,252,174,1237
2159,2026-04-01,283,140,1380
2159,2026-05-01,255,121,1514
2159,2026-06-01,84,44,1554
2160,2026-01-01,168,95,1347
2160,2026-02-01,191,5,1533
2160,2026-03-01,203,164,1572
2160,2026-04-01,154,67,1659
2160,2026-05-01,3,91,1571
2160,2026-06-01,129,30,1670
2161,2026-01-01,37,47,200
2161,2026-02-01,16,106,110
2161,2026-03-01,154,85,179
2161,2026-04-01,132,60,251
2161,2026-05-01,204,121,334
2161,2026-06-01,126,139,321
2162,2026-01-01,97,48,681
2162,2026-02-01,48,161,568
2162,2026-03-01,85,36,617
2162,2026-04-01,94,148,563
2162,2026-05-01,2,59,506
2162,2026-06-01,196,57,645
2163,2026-01-01,49,165,1435
2163,2026-02-01,202,126,1511
2163,2026-03-01,184,50,1645
2163,2026-04-01,61,171,1535
2163,2026-05-01,28,58,1505
2163,2026-06-01,55,21,1539
2164,2026-01-01,105,62,2365
2164,2026-02-01,183,174,2374
2164,2026-03-01,213,32,2555
2164,2026-04-01,258,169,2644
2164,2026-05-01,89,162,2571
2164,2026-06-01,158,131,2598
2165,2026-01-01,171,42,1872
2165,2026-02-01,288,112,2048
2165,2026-03-01,21,128,1941
2165,2026-04-01,99,146,1894
2165,2026-05-01,63,8,1949
2165,2026-06-01,91,137,1903
2166,2026-01-01,97,79,1010
2166,2026-02-01,134,8,1136
2166,2026-03-01,182,74,1244
2166,2026-04-01,28,78,1194
2166,2026-05-01,231,50,1375
2166,2026-06-01,160,143,1392
2167,2026-01-01,100,164,604
2167,2026-02-01,266,162,708
2167,2026-03-01,181,112,777
2167,2026-04-01,224,92,909
2167,2026-05-01,210,161,958
2167,2026-06-01,32,66,924
2168,2026-01-01,68,169,24
2168,2026-02-01,157,115,66
2168,2026-03-01,200,127,139
2168,2026-04-01,138,156,121
2168,2026-05-01,157,11,267
2168,2026-06-01,138,165,240
2169,2026-01-01,76,155,1545
2169,2026-02-01,132,129,1548
2169,2026-03-01,164,43,1669
2169,2026-04-01,64,137,1596
2169,2026-05-01,0,4,1592
2169,2026-06-01,253,142,1703
2170,2026-01-01,226,96,341
2170,2026-02-01,61,48,354
2170,2026-03-01,152,129,377
2170,2026-04-01,262,152,487
2170,2026-05-01,136,123,500
2170,2026-06-01,52,28,524
2171,2026-01-01,46,116,952
2171,2026-02-01,219,161,1010
2171,2026-03-01,254,28,1236
2171,2026-04-01,84,57,1263
2171,2026-05-01,69,152,1180
2171,2026-06-01,50,154,1076
2172,2026-01-01,115,159,1277
2172,2026-02-01,8,112,1173
2172,2026-03-01,16,66,1123
2172,2026-04-01,24,88,1059
2172,2026-05-01,183,165,1077
2172,2026-06-01,144,37,1184
2173,2026-01-01,175,71,1691
2173,2026-02-01,207,76,1822
2173,2026-03-01,132,116,1838
2173,2026-04-01,8,32,1814
2173,2026-05-01,240,79,1975
2173,2026-06-01,90,85,1980
2174,2026-01-01,299,57,2484
2174,2026-02-01,58,166,2376
2174,2026-03-01,282,36,2622
2174,2026-04-01,121,177,2566
2174,2026-05-01,286,22,2830
2174,2026-06-01,154,19,2965
2175,2026-01-01,229,94,1948
2175,2026-02-01,294,86,2156
2175,2026-03-01,216,99,2273
2175,2026-04-01,143,115,2301
2175,2026-05-01,216,139,2378
2175,2026-06-01,117,173,2322
2176,2026-01-01,273,122,805
2176,2026-02-01,29,149,685
2176,2026-03-01,191,162,714
2176,2026-04-01,158,67,805
2176,2026-05-01,80,41,844
2176,2026-06-01,218,49,1013
2177,2026-01-01,273,167,210
2177,2026-02-01,108,50,268
2177,2026-03-01,211,97,382
2177,2026-04-01,85,88,379
2177,2026-05-01,129,130,378
2177,2026-06-01,176,73,481
2178,2026-01-01,247,0,2278
2178,2026-02-01,140,44,2374
2178,2026-03-01,83,136,2321
2178,2026-04-01,103,136,2288
2178,2026-05-01,256,51,2493
2178,2026-06-01,7,22,2478
2179,2026-01-01,175,60,862
2179,2026-02-01,212,118,956
2179,2026-03-01,12,15,953
2179,2026-04-01,221,90,1084
2179,2026-05-01,243,42,1285
2179,2026-06-01,291,79,1497
2180,2026-01-01,271,74,1277
2180,2026-02-01,259,76,1460
2180,2026-03-01,138,16,1582
2180,2026-04-01,58,36,1604
2180,2026-05-01,92,48,1648
2180,2026-06-01,111,172,1587
2181,2026-01-01,183,42,1848
2181,2026-02-01,56,50,1854
2181,2026-03-01,233,94,1993
2181,2026-04-01,132,168,1957
2181,2026-05-01,275,165,2067
2181,2026-06-01,200,137,2130
2182,2026-01-01,109,98,1630
2182,2026-02-01,198,104,1724
2182,2026-03-01,217,130,1811
2182,2026-04-01,95,174,1732
2182,2026-05-01,270,92,1910
2182,2026-06-01,92,3,1999
2183,2026-01-01,294,0,383
2183,2026-02-01,159,45,497
2183,2026-03-01,105,87,515
2183,2026-04-01,283,153,645
2183,2026-05-01,292,9,928
2183,2026-06-01,170,100,998
2184,2026-01-01,143,68,248
2184,2026-02-01,109,77,280
2184,2026-03-01,108,46,342
2184,2026-04-01,52,96,298
2184,2026-05-01,239,169,368
2184,2026-06-01,132,28,472
2185,2026-01-01,149,142,1488
2185,2026-02-01,240,126,1602
2185,2026-03-01,32,12,1622
2185,2026-04-01,297,176,1743
2185,2026-05-01,206,42,1907
2185,2026-06-01,89,29,1967
2186,2026-01-01,46,26,2358
2186,2026-02-01,88,177,2269
2186,2026-03-01,141,91,2319
2186,2026-04-01,64,88,2295
2186,2026-05-01,72,75,2292
2186,2026-06-01,26,1,2317
2187,2026-01-01,24,70,1993
2187,2026-02-01,109,48,2054
2187,2026-03-01,122,17,2159
2187,2026-04-01,246,119,2286
2187,2026-05-01,33,71,2248
2187,2026-06-01,13,133,2128
2188,2026-01-01,292,64,1345
2188,2026-02-01,233,103,1475
2188,2026-03-01,62,25,1512
2188,2026-04-01,169,179,1502
2188,2026-05-01,1,82,1421
2188,2026-06-01,103,130,1394
2189,2026-01-01,57,74,573
2189,2026-02-01,24,29,568
2189,2026-03-01,267,39,796
2189,2026-04-01,262,12,1046
2189,2026-05-01,104,121,1029
2189,2026-06-01,269,51,1247
2190,2026-01-01,105,156,117
2190,2026-02-01,297,104,310
2190,2026-03-01,116,152,274
2190,2026-04-01,292,59,507
2190,2026-05-01,122,145,484
2190,2026-06-01,93,10,567
2191,2026-01-01,35,174,1938
2191,2026-02-01,108,139,1907
2191,2026-03-01,30,97,1840
2191,2026-04-01,85,19,1906
2191,2026-05-01,249,109,2046
2191,2026-06-01,146,158,2034
2192,2026-01-01,28,77,2080
2192,2026-02-01,83,140,2023
2192,2026-03-01,299,91,2231
2192,2026-04-01,181,119,2293
2192,2026-05-01,94,123,2264
2192,2026-06-01,116,103,2277
2193,2026-01-01,142,46,1527
2193,2026-02-01,49,28,1548
2193,2026-03-01,248,69,1727
2193,2026-04-01,4,93,1638
2193,2026-05-01,52,136,1554
2193,2026-06-01,39,72,1521
2194,2026-01-01,245,83,2100
2194,2026-02-01,112,72,2140
2194,2026-03-01,60,87,2113
2194,2026-04-01,149,44,2218
2194,2026-05-01,297,148,2367
2194,2026-06-01,183,74,2476
2195,2026-01-01,99,101,791
2195,2026-02-01,165,174,782
2195,2026-03-01,93,99,776
2195,2026-04-01,66,85,757
2195,2026-05-01,253,74,936
2195,2026-06-01,140,32,1044
2196,2026-01-01,199,2,1970
2196,2026-02-01,144,47,2067
2196,2026-03-01,295,44,2318
2196,2026-04-01,100,66,2352
2196,2026-05-01,78,158,2272
2196,2026-06-01,149,108,2313
2197,2026-01-01,38,59,1870
2197,2026-02-01,151,66,1955
2197,2026-03-01,112,89,1978
2197,2026-04-01,130,49,2059
2197,2026-05-01,47,122,1984
2197,2026-06-01,150,78,2056
2198,2026-01-01,11,44,1560
2198,2026-02-01,10,113,1457
2198,2026-03-01,282,157,1582
2198,2026-04-01,66,84,1564
2198,2026-05-01,202,78,1688
2198,2026-06-01,7,137,1558
2199,2026-01-01,144,62,1814
2199,2026-02-01,219,56,1977
2199,2026-03-01,87,154,1910
2199,2026-04-01,298,105,2103
2199,2026-05-01,123,21,2205
2199,2026-06-01,286,124,2367
2200,2026-01-01,14,30,1348
2200,2026-02-01,108,44,1412
2200,2026-03-01,251,74,1589
2200,2026-04-01,113,8,1694
2200,2026-05-01,257,52,1899
2200,2026-06-01,128,21,2006
2201,2026-01-01,223,58,1291
2201,2026-02-01,197,135,1353
2201,2026-03-01,283,2,1634
2201,2026-04-01,99,151,1582
2201,2026-05-01,247,175,1654
2201,2026-06-01,213,78,1789
2202,2026-01-01,20,175,0
2202,2026-02-01,78,172,0
2202,2026-03-01,31,10,21
2202,2026-04-01,202,102,121
2202,2026-05-01,183,61,243
2202,2026-06-01,44,79,208
2203,2026-01-01,231,138,2529
2203,2026-02-01,179,100,2608
2203,2026-03-01,230,151,2687
2203,2026-04-01,270,43,2914
2203,2026-05-01,39,69,2884
2203,2026-06-01,2,113,2773
2204,2026-01-01,256,81,1886
2204,2026-02-01,89,65,1910
2204,2026-03-01,59,154,1815
2204,2026-04-01,158,16,1957
2204,2026-05-01,287,59,2185
2204,2026-06-01,87,103,2169
2205,2026-01-01,44,131,515
2205,2026-02-01,227,121,621
2205,2026-03-01,190,64,747
2205,2026-04-01,189,49,887
2205,2026-05-01,118,37,968
2205,2026-06-01,177,149,996
2206,2026-01-01,150,43,381
2206,2026-02-01,41,90,332
2206,2026-03-01,66,23,375
2206,2026-04-01,154,111,418
2206,2026-05-01,74,3,489
2206,2026-06-01,163,107,545
2207,2026-01-01,268,37,811
2207,2026-02-01,186,118,879
2207,2026-03-01,150,162,867
2207,2026-04-01,213,33,1047
2207,2026-05-01,250,55,1242
2207,2026-06-01,204,11,1435
2208,2026-01-01,63,126,1372
2208,2026-02-01,192,151,1413
2208,2026-03-01,204,55,1562
2208,2026-04-01,206,59,1709
2208,2026-05-01,8,9,1708
2208,2026-06-01,238,154,1792
2209,2026-01-01,214,84,469
2209,2026-02-01,286,166,589
2209,2026-03-01,133,143,579
2209,2026-04-01,251,174,656
2209,2026-05-01,260,15,901
2209,2026-06-01,176,111,966
2210,2026-01-01,146,130,255
2210,2026-02-01,62,153,164
2210,2026-03-01,136,50,250
2210,2026-04-01,17,150,117
2210,2026-05-01,234,124,227
2210,2026-06-01,270,11,486
2211,2026-01-01,34,111,641
2211,2026-02-01,234,32,843
2211,2026-03-01,192,122,913
2211,2026-04-01,246,41,1118
2211,2026-05-01,171,97,1192
2211,2026-06-01,32,109,1115
2212,2026-01-01,260,35,1682
2212,2026-02-01,260,86,1856
2212,2026-03-01,174,126,1904
2212,2026-04-01,275,70,2109
2212,2026-05-01,24,82,2051
2212,2026-06-01,62,15,2098
2213,2026-01-01,119,99,71
2213,2026-02-01,260,127,204
2213,2026-03-01,246,16,434
2213,2026-04-01,282,140,576
2213,2026-05-01,240,79,737
2213,2026-06-01,228,131,834
2214,2026-01-01,9,95,648
2214,2026-02-01,69,178,539
2214,2026-03-01,37,3,573
2214,2026-04-01,22,129,466
2214,2026-05-01,116,20,562
2214,2026-06-01,48,160,450
2215,2026-01-01,282,135,1206
2215,2026-02-01,231,95,1342
2215,2026-03-01,49,81,1310
2215,2026-04-01,289,162,1437
2215,2026-05-01,275,160,1552
2215,2026-06-01,127,178,1501
2216,2026-01-01,245,164,509
2216,2026-02-01,39,21,527
2216,2026-03-01,147,73,601
2216,2026-04-01,205,55,751
2216,2026-05-01,9,112,648
2216,2026-06-01,91,109,630
2217,2026-01-01,24,170,2094
2217,2026-02-01,192,137,2149
2217,2026-03-01,184,179,2154
2217,2026-04-01,273,3,2424
2217,2026-05-01,256,91,2589
2217,2026-06-01,106,140,2555
2218,2026-01-01,55,171,839
2218,2026-02-01,220,22,1037
2218,2026-03-01,268,142,1163
2218,2026-04-01,193,89,1267
2218,2026-05-01,111,154,1224
2218,2026-06-01,250,153,1321
2219,2026-01-01,64,154,1057
2219,2026-02-01,102,22,1137
2219,2026-03-01,100,17,1220
2219,2026-04-01,264,122,1362
2219,2026-05-01,164,112,1414
2219,2026-06-01,238,139,1513
2220,2026-01-01,258,165,1453
2220,2026-02-01,88,49,1492
2220,2026-03-01,112,101,1503
2220,2026-04-01,121,137,1487
2220,2026-05-01,266,79,1674
2220,2026-06-01,164,178,1660
2221,2026-01-01,10,48,688
2221,2026-02-01,222,91,819
2221,2026-03-01,108,85,842
2221,2026-04-01,12,62,792
2221,2026-05-01,222,179,835
2221,2026-06-01,243,31,1047
2222,2026-01-01,15,58,759
2222,2026-02-01,149,87,821
2222,2026-03-01,64,84,801
2222,2026-04-01,100,108,793
2222,2026-05-01,55,136,712
2222,2026-06-01,203,18,897
2223,2026-01-01,10,120,1114
2223,2026-02-01,95,151,1058
2223,2026-03-01,54,153,959
2223,2026-04-01,169,92,1036
2223,2026-05-01,124,141,1019
2223,2026-06-01,73,39,1053
2224,2026-01-01,245,165,2279
2224,2026-02-01,11,142,2148
2224,2026-03-01,75,140,2083
2224,2026-04-01,282,106,2259
2224,2026-05-01,246,102,2403
2224,2026-06-01,92,87,2408
2225,2026-01-01,177,64,1311
2225,2026-02-01,56,121,1246
2225,2026-03-01,145,22,1369
2225,2026-04-01,153,90,1432
2225,2026-05-01,292,55,1669
2225,2026-06-01,1,56,1614
2226,2026-01-01,90,114,2402
2226,2026-02-01,169,54,2517
2226,2026-03-01,84,128,2473
2226,2026-04-01,156,171,2458
2226,2026-05-01,117,164,2411
2226,2026-06-01,41,59,2393
2227,2026-01-01,87,9,1356
2227,2026-02-01,41,32,1365
2227,2026-03-01,236,62,1539
2227,2026-04-01,7,39,1507
2227,2026-05-01,41,16,1532
2227,2026-06-01,113,140,1505
2228,2026-01-01,246,174,256
2228,2026-02-01,3,177,82
2228,2026-03-01,191,84,189
2228,2026-04-01,229,137,281
2228,2026-05-01,167,94,354
2228,2026-06-01,78,145,287
2229,2026-01-01,132,99,2527
2229,2026-02-01,17,135,2409
2229,2026-03-01,250,131,2528
2229,2026-04-01,208,144,2592
2229,2026-05-01,68,71,2589
2229,2026-06-01,240,26,2803
2230,2026-01-01,97,15,314
2230,2026-02-01,65,51,328
2230,2026-03-01,259,36,551
2230,2026-04-01,207,127,631
2230,2026-05-01,8,164,475
2230,2026-06-01,240,99,616
2231,2026-01-01,233,54,2147
2231,2026-02-01,68,68,2147
2231,2026-03-01,172,71,2248
2231,2026-04-01,74,125,2197
2231,2026-05-01,234,166,2265
2231,2026-06-01,123,45,2343
2232,2026-01-01,84,133,736
2232,2026-02-01,53,115,674
2232,2026-03-01,191,26,839
2232,2026-04-01,266,7,1098
2232,2026-05-01,214,167,1145
2232,2026-06-01,218,87,1276
2233,2026-01-01,250,52,2422
2233,2026-02-01,293,62,2653
2233,2026-03-01,99,73,2679
2233,2026-04-01,69,19,2729
2233,2026-05-01,33,124,2638
2233,2026-06-01,7,152,2493
2234,2026-01-01,2,58,1165
2234,2026-02-01,109,133,1141
2234,2026-03-01,9,106,1044
2234,2026-04-01,63,138,969
2234,2026-05-01,234,163,1040
2234,2026-06-01,269,94,1215
2235,2026-01-01,15,60,1794
2235,2026-02-01,129,136,1787
2235,2026-03-01,290,171,1906
2235,2026-04-01,70,50,1926
2235,2026-05-01,148,103,1971
2235,2026-06-01,282,165,2088
2236,2026-01-01,294,170,788
2236,2026-02-01,265,12,1041
2236,2026-03-01,281,46,1276
2236,2026-04-01,243,126,1393
2236,2026-05-01,168,39,1522
2236,2026-06-01,31,109,1444
2237,2026-01-01,18,95,1603
2237,2026-02-01,19,25,1597
2237,2026-03-01,264,131,1730
2237,2026-04-01,209,55,1884
2237,2026-05-01,39,129,1794
2237,2026-06-01,84,95,1783
2238,2026-01-01,260,50,2589
2238,2026-02-01,178,96,2671
2238,2026-03-01,42,65,2648
2238,2026-04-01,179,0,2827
2238,2026-05-01,81,65,2843
2238,2026-06-01,267,112,2998
2239,2026-01-01,196,38,2033
2239,2026-02-01,179,29,2183
2239,2026-03-01,149,93,2239
2239,2026-04-01,198,16,2421
2239,2026-05-01,186,133,2474
2239,2026-06-01,41,91,2424
2240,2026-01-01,211,174,183
2240,2026-02-01,175,126,232
2240,2026-03-01,179,90,321
2240,2026-04-01,117,135,303
2240,2026-05-01,272,125,450
2240,2026-06-01,138,175,413
2241,2026-01-01,177,49,524
2241,2026-02-01,270,59,735
2241,2026-03-01,28,69,694
2241,2026-04-01,243,5,932
2241,2026-05-01,125,23,1034
2241,2026-06-01,69,53,1050
2242,2026-01-01,191,132,303
2242,2026-02-01,166,7,462
2242,2026-03-01,286,46,702
2242,2026-04-01,181,40,843
2242,2026-05-01,113,158,798
2242,2026-06-01,28,77,749
2243,2026-01-01,43,81,478
2243,2026-02-01,109,82,505
2243,2026-03-01,27,50,482
2243,2026-04-01,150,166,466
2243,2026-05-01,171,7,630
2243,2026-06-01,213,62,781
2244,2026-01-01,78,58,2056
2244,2026-02-01,66,153,1969
2244,2026-03-01,20,24,1965
2244,2026-04-01,258,132,2091
2244,2026-05-01,43,137,1997
2244,2026-06-01,263,154,2106
2245,2026-01-01,132,123,501
2245,2026-02-01,189,108,582
2245,2026-03-01,173,135,620
2245,2026-04-01,150,102,668
2245,2026-05-01,19,2,685
2245,2026-06-01,145,123,707
2246,2026-01-01,151,172,1887
2246,2026-02-01,164,26,2025
2246,2026-03-01,203,14,2214
2246,2026-04-01,87,69,2232
2246,2026-05-01,99,19,2312
2246,2026-06-01,124,35,2401
2247,2026-01-01,189,40,1329
2247,2026-02-01,76,135,1270
2247,2026-03-01,101,154,1217
2247,2026-04-01,54,84,1187
2247,2026-05-01,67,101,1153
2247,2026-06-01,193,128,1218
2248,2026-01-01,283,33,486
2248,2026-02-01,289,142,633
2248,2026-03-01,276,153,756
2248,2026-04-01,57,130,683
2248,2026-05-01,201,75,809
2248,2026-06-01,154,33,930
2249,2026-01-01,11,112,114
2249,2026-02-01,236,34,316
2249,2026-03-01,115,141,290
2249,2026-04-01,239,98,431
2249,2026-05-01,14,92,353
2249,2026-06-01,17,46,324
2250,2026-01-01,18,48,2238
2250,2026-02-01,22,169,2091
2250,2026-03-01,122,29,2184
2250,2026-04-01,19,136,2067
2250,2026-05-01,195,163,2099
2250,2026-06-01,237,89,2247
2251,2026-01-01,118,147,356
2251,2026-02-01,233,2,587
2251,2026-03-01,184,125,646
2251,2026-04-01,127,108,665
2251,2026-05-01,73,49,689
2251,2026-06-01,293,28,954
2252,2026-01-01,233,114,1690
2252,2026-02-01,67,24,1733
2252,2026-03-01,132,147,1718
2252,2026-04-01,179,144,1753
2252,2026-05-01,263,40,1976
2252,2026-06-01,238,176,2038
2253,2026-01-01,21,47,2441
2253,2026-02-01,169,34,2576
2253,2026-03-01,201,47,2730
2253,2026-04-01,74,84,2720
2253,2026-05-01,295,149,2866
2253,2026-06-01,124,20,2970
2254,2026-01-01,60,115,1513
2254,2026-02-01,185,160,1538
2254,2026-03-01,253,148,1643
2254,2026-04-01,186,119,1710
2254,2026-05-01,187,47,1850
2254,2026-06-01,158,170,1838
2255,2026-01-01,112,24,321
2255,2026-02-01,167,123,365
2255,2026-03-01,156,168,353
2255,2026-04-01,94,79,368
2255,2026-05-01,223,58,533
2255,2026-06-01,214,107,640
2256,2026-01-01,102,90,2420
2256,2026-02-01,233,69,2584
2256,2026-03-01,66,166,2484
2256,2026-04-01,86,38,2532
2256,2026-05-01,130,0,2662
2256,2026-06-01,45,137,2570
2257,2026-01-01,23,142,19
2257,2026-02-01,196,166,49
2257,2026-03-01,209,99,159
2257,2026-04-01,165,168,156
2257,2026-05-01,141,158,139
2257,2026-06-01,43,132,50
2258,2026-01-01,141,54,1823
2258,2026-02-01,12,41,1794
2258,2026-03-01,282,112,1964
2258,2026-04-01,47,9,2002
2258,2026-05-01,194,80,2116
2258,2026-06-01,290,152,2254
2259,2026-01-01,87,154,794
2259,2026-02-01,35,102,727
2259,2026-03-01,185,130,782
2259,2026-04-01,107,109,780
2259,2026-05-01,295,56,1019
2259,2026-06-01,259,34,1244
2260,2026-01-01,122,72,1742
2260,2026-02-01,142,79,1805
2260,2026-03-01,152,152,1805
2260,2026-04-01,297,156,1946
2260,2026-05-01,73,161,1858
2260,2026-06-01,177,84,1951
2261,2026-01-01,261,55,1428
2261,2026-02-01,177,101,1504
2261,2026-03-01,110,179,1435
2261,2026-04-01,69,109,1395
2261,2026-05-01,153,8,1540
2261,2026-06-01,18,4,1554
2262,2026-01-01,189,113,1551
2262,2026-02-01,79,34,1596
2262,2026-03-01,275,136,1735
2262,2026-04-01,238,139,1834
2262,2026-05-01,99,86,1847
2262,2026-06-01,257,69,2035
2263,2026-01-01,122,177,1708
2263,2026-02-01,177,65,1820
2263,2026-03-01,58,164,1714
2263,2026-04-01,215,67,1862
2263,2026-05-01,135,123,1874
2263,2026-06-01,132,32,1974
2264,2026-01-01,183,11,1136
2264,2026-02-01,237,150,1223
2264,2026-03-01,135,155,1203
2264,2026-04-01,218,4,1417
2264,2026-05-01,216,50,1583
2264,2026-06-01,256,155,1684
2265,2026-01-01,220,153,2536
2265,2026-02-01,101,179,2458
2265,2026-03-01,254,165,2547
2265,2026-04-01,7,169,2385
2265,2026-05-01,261,168,2478
2265,2026-06-01,44,11,2511
2266,2026-01-01,146,2,729
2266,2026-02-01,16,136,609
2266,2026-03-01,278,163,724
2266,2026-04-01,7,162,569
2266,2026-05-01,46,80,535
2266,2026-06-01,217,1,751
2267,2026-01-01,16,151,2356
2267,2026-02-01,108,58,2406
2267,2026-03-01,181,109,2478
2267,2026-04-01,141,130,2489
2267,2026-05-01,239,92,2636
2267,2026-06-01,256,139,2753
2268,2026-01-01,30,52,115
2268,2026-02-01,181,129,167
2268,2026-03-01,216,103,280
2268,2026-04-01,48,93,235
2268,2026-05-01,23,106,152
2268,2026-06-01,109,100,161
2269,2026-01-01,164,2,549
2269,2026-02-01,3,83,469
2269,2026-03-01,102,65,506
2269,2026-04-01,264,18,752
2269,2026-05-01,120,141,731
2269,2026-06-01,119,41,809
2270,2026-01-01,37,120,1066
2270,2026-02-01,178,146,1098
2270,2026-03-01,224,136,1186
2270,2026-04-01,289,148,1327
2270,2026-05-01,94,52,1369
2270,2026-06-01,225,138,1456
2271,2026-01-01,227,35,2129
2271,2026-02-01,222,29,2322
2271,2026-03-01,20,14,2328
2271,2026-04-01,26,177,2177
2271,2026-05-01,135,87,2225
2271,2026-06-01,290,96,2419
2272,2026-01-01,22,77,2160
2272,2026-02-01,74,177,2057
2272,2026-03-01,276,123,2210
2272,2026-04-01,77,144,2143
2272,2026-05-01,133,20,2256
2272,2026-06-01,0,173,2083
2273,2026-01-01,188,150,1947
2273,2026-02-01,73,126,1894
2273,2026-03-01,244,57,2081
2273,2026-04-01,65,145,2001
2273,2026-05-01,287,161,2127
2273,2026-06-01,178,83,2222
2274,2026-01-01,82,9,2290
2274,2026-02-01,263,9,2544
2274,2026-03-01,69,82,2531
2274,2026-04-01,190,29,2692
2274,2026-05-01,21,96,2617
2274,2026-06-01,233,33,2817
2275,2026-01-01,272,112,995
2275,2026-02-01,62,116,941
2275,2026-03-01,285,5,1221
2275,2026-04-01,268,119,1370
2275,2026-05-01,86,142,1314
2275,2026-06-01,104,25,1393
2276,2026-01-01,163,129,2357
2276,2026-02-01,215,176,2396
2276,2026-03-01,54,178,2272
2276,2026-04-01,164,58,2378
2276,2026-05-01,262,92,2548
2276,2026-06-01,240,139,2649
2277,2026-01-01,17,67,2099
2277,2026-02-01,50,159,1990
2277,2026-03-01,162,161,1991
2277,2026-04-01,248,165,2074
2277,2026-05-01,73,40,2107
2277,2026-06-01,88,20,2175
2278,2026-01-01,202,157,2128
2278,2026-02-01,124,167,2085
2278,2026-03-01,134,126,2093
2278,2026-04-01,110,132,2071
2278,2026-05-01,285,61,2295
2278,2026-06-01,19,96,2218
2279,2026-01-01,147,82,985
2279,2026-02-01,103,24,1064
2279,2026-03-01,11,36,1039
2279,2026-04-01,295,156,1178
2279,2026-05-01,54,76,1156
2279,2026-06-01,145,113,1188
2280,2026-01-01,192,133,271
2280,2026-02-01,131,134,268
2280,2026-03-01,287,57,498
2280,2026-04-01,20,27,491
2280,2026-05-01,133,178,446
2280,2026-06-01,235,174,507
2281,2026-01-01,39,102,1054
2281,2026-02-01,250,128,1176
2281,2026-03-01,15,150,1041
2281,2026-04-01,145,9,1177
2281,2026-05-01,182,11,1348
2281,2026-06-01,278,26,1600
2282,2026-01-01,33,179,958
2282,2026-02-01,178,164,972
2282,2026-03-01,11,63,920
2282,2026-04-01,283,117,1086
2282,2026-05-01,173,36,1223
2282,2026-06-01,66,128,1161
2283,2026-01-01,232,150,1052
2283,2026-02-01,213,121,1144
2283,2026-03-01,177,145,1176
2283,2026-04-01,25,131,1070
2283,2026-05-01,289,48,1311
2283,2026-06-01,147,38,1420
2284,2026-01-01,226,59,2577
2284,2026-02-01,84,11,2650
2284,2026-03-01,223,160,2713
2284,2026-04-01,50,44,2719
2284,2026-05-01,85,35,2769
2284,2026-06-01,48,89,2728
2285,2026-01-01,289,119,2632
2285,2026-02-01,118,41,2709
2285,2026-03-01,13,40,2682
2285,2026-04-01,21,117,2586
2285,2026-05-01,148,171,2563
2285,2026-06-01,172,52,2683
2286,2026-01-01,338,5,1722
2286,2026-02-01,255,1,1976
2286,2026-03-01,294,2,2268
2286,2026-04-01,321,5,2584
2286,2026-05-01,152,2,2734
2286,2026-06-01,191,7,2918
2287,2026-01-01,201,7,1598
2287,2026-02-01,273,0,1871
2287,2026-03-01,278,6,2143
2287,2026-04-01,325,4,2464
2287,2026-05-01,256,2,2718
2287,2026-06-01,248,4,2962
2288,2026-01-01,336,5,2498
2288,2026-02-01,138,3,2633
2288,2026-03-01,114,6,2741
2288,2026-04-01,311,0,3052
2288,2026-05-01,139,2,3189
2288,2026-06-01,148,3,3334
2289,2026-01-01,197,2,1438
2289,2026-02-01,179,5,1612
2289,2026-03-01,232,4,1840
2289,2026-04-01,115,5,1950
2289,2026-05-01,277,3,2224
2289,2026-06-01,319,2,2541
2290,2026-01-01,133,1,2335
2290,2026-02-01,230,4,2561
2290,2026-03-01,283,6,2838
2290,2026-04-01,166,4,3000
2290,2026-05-01,122,7,3115
2290,2026-06-01,247,7,3355
2291,2026-01-01,252,5,2770
2291,2026-02-01,232,2,3000
2291,2026-03-01,329,3,3326
2291,2026-04-01,236,1,3561
2291,2026-05-01,328,2,3887
2291,2026-06-01,348,4,4231
2292,2026-01-01,320,1,2537
2292,2026-02-01,341,0,2878
2292,2026-03-01,347,2,3223
2292,2026-04-01,288,2,3509
2292,2026-05-01,162,0,3671
2292,2026-06-01,293,5,3959
2293,2026-01-01,308,3,2144
2293,2026-02-01,190,5,2329
2293,2026-03-01,203,5,2527
2293,2026-04-01,150,7,2670
2293,2026-05-01,257,4,2923
2293,2026-06-01,198,0,3121
2294,2026-01-01,268,1,2460
2294,2026-02-01,311,7,2764
2294,2026-03-01,200,1,2963
2294,2026-04-01,121,5,3079
2294,2026-05-01,173,2,3250
2294,2026-06-01,251,5,3496
2295,2026-01-01,112,2,2010
2295,2026-02-01,128,7,2131
2295,2026-03-01,111,4,2238
2295,2026-04-01,228,6,2460
2295,2026-05-01,276,6,2730
2295,2026-06-01,171,3,2898
2296,2026-01-01,162,5,3062
2296,2026-02-01,269,3,3328
2296,2026-03-01,218,0,3546
2296,2026-04-01,264,4,3806
2296,2026-05-01,225,3,4028
2296,2026-06-01,286,3,4311
2297,2026-01-01,264,2,2764
2297,2026-02-01,110,5,2869
2297,2026-03-01,273,7,3135
2297,2026-04-01,199,5,3329
2297,2026-05-01,161,6,3484
2297,2026-06-01,347,3,3828
2298,2026-01-01,346,5,2253
2298,2026-02-01,280,7,2526
2298,2026-03-01,164,1,2689
2298,2026-04-01,132,2,2819
2298,2026-05-01,104,4,2919
2298,2026-06-01,262,3,3178
2299,2026-01-01,268,2,2874
2299,2026-02-01,225,2,3097
2299,2026-03-01,110,3,3204
2299,2026-04-01,160,0,3364
2299,2026-05-01,200,2,3562
2299,2026-06-01,199,5,3756
2300,2026-01-01,308,6,2138
2300,2026-02-01,146,5,2279
2300,2026-03-01,126,1,2404
2300,2026-04-01,323,4,2723
2300,2026-05-01,256,5,2974
2300,2026-06-01,168,4,3138
